commit, age, hash, filename
1656452350,10 months ago,e59e45bc,astro/gdpr-compliance.md
1656452350,10 months ago,e59e45bc,software/kubectl.md
1657192238,10 months ago,9ef0ed5f,software/configure-platform-resources.md
1657898911,10 months ago,a484984d,software/debug-install.md
1659011639,9 months ago,80f53c69,software/system-componenets.md
1660662921,9 months ago,28297410,software/registry-backend.md
1662487730,8 months ago,8a7bd6f1,software/third-party-ingress-controllers.md
1662558585,8 months ago,9cbd0e48,software/logs-to-s3.md
1662571061,8 months ago,e70541fb,software/custom-image-registry.md
1664464395,7 months ago,fe1c1dac,learn/subdags.md
1664464395,7 months ago,fe1c1dac,software/support.md
1664793460,7 months ago,ea718fb4,astro/cli/astro-deployment-worker-queue-create.md
1664793460,7 months ago,ea718fb4,astro/cli/astro-deployment-worker-queue-delete.md
1664793460,7 months ago,ea718fb4,astro/cli/astro-deployment-worker-queue-update.md
1664793460,7 months ago,ea718fb4,astro/cli/astro-dev-object-export.md
1664793460,7 months ago,ea718fb4,astro/cli/astro-dev-object-import.md
1664909773,7 months ago,b7f30990,astro/connect-azure.md
1664988858,7 months ago,98bdb2fd,astro/cli/astro-config-get.md
1664988858,7 months ago,98bdb2fd,astro/cli/astro-config-set.md
1664988858,7 months ago,98bdb2fd,astro/cli/astro-context-switch.md
1664988858,7 months ago,98bdb2fd,astro/cli/astro-deployment-variable-list.md
1664988858,7 months ago,98bdb2fd,astro/cli/astro-dev-kill.md
1664988858,7 months ago,98bdb2fd,astro/cli/astro-dev-ps.md
1664988858,7 months ago,98bdb2fd,astro/cli/astro-dev-run.md
1664988858,7 months ago,98bdb2fd,astro/cli/astro-dev-stop.md
1664988858,7 months ago,98bdb2fd,astro/cli/astro-version.md
1665142850,7 months ago,7a1d7303,astro/cli/astro-deployment-service-account.md
1665142850,7 months ago,7a1d7303,astro/cli/astro-team.md
1665149080,7 months ago,de7f550b,astro/cli/astro-completion.md
1665149080,7 months ago,de7f550b,astro/cli/astro-deployment-airflow-upgrade.md
1665149080,7 months ago,de7f550b,astro/cli/astro-deployment-list.md
1665149080,7 months ago,de7f550b,astro/cli/astro-deployment-runtime-migrate.md
1665149080,7 months ago,de7f550b,astro/cli/astro-deployment-user.md
1665152998,7 months ago,fd1e6002,astro/cli/astro-deployment-runtime-upgrade.md
1665152998,7 months ago,fd1e6002,astro/cli/astro-dev-bash.md
1665152998,7 months ago,fd1e6002,astro/cli/astro-dev-logs.md
1665152998,7 months ago,fd1e6002,astro/cli/astro-dev-parse.md
1665152998,7 months ago,fd1e6002,astro/cli/astro-dev-pytest.md
1665152998,7 months ago,fd1e6002,astro/cli/astro-dev-restart.md
1665152998,7 months ago,fd1e6002,astro/cli/astro-user-create.md
1665493905,7 months ago,7e0aa652,astro/cli/astro-deployment-logs.md
1665657371,7 months ago,0b41747e,learn/airflow-executors-explained.md
1666100251,7 months ago,72f40b37,software/kibana-logging.md
1666100251,7 months ago,72f40b37,software/overview.md
1667424360,6 months ago,ef3cd6c2,astro/astro-architecture.md
1667921917,6 months ago,ff4d71b0,astro/features.md
1668102752,6 months ago,6db44fdc,astro/feature-previews.md
1669230218,5 months ago,5f633353,astro/cli/astro-dev-start.md
1669630029,5 months ago,65ffe6f6,software/log-in-to-software.md
1670254579,5 months ago,d88c56b4,astro/shared-responsibility-model.md
1670534152,5 months ago,764bf692,software/deploy-git-sync.md
1670534605,5 months ago,96ba5ae0,software/deploy-cli.md
1670534605,5 months ago,96ba5ae0,software/integrate-iam.md
1670534605,5 months ago,96ba5ae0,software/manage-workspaces.md
1670862639,5 months ago,e2ec7352,astro/cli/reference.md
1671459421,4 months ago,a83eda6c,learn/operator-extra-link-tutorial.md
1672760139,4 months ago,1b236b78,astro/release-notes-subscribe.md
1672843777,4 months ago,339e3944,learn/managing-airflow-code.md
1673442717,4 months ago,bcd04f8b,astro/connect-gcp.md
1673608317,4 months ago,f4acec14,astro/cloud-ide/overview.md
1673884310,4 months ago,1d2c6068,astro/resilience.md
1673884310,4 months ago,1d2c6068,software/environment-variables.md
1673884310,4 months ago,1d2c6068,software/grafana-metrics.md
1673884310,4 months ago,1d2c6068,software/namespace-pools.md
1673884310,4 months ago,1d2c6068,software/workspace-permissions.md
1673978617,4 months ago,5ca4e24b,learn/templating.md
1674135060,3 months ago,af4f1d15,software/secrets-backend.md
1674217226,3 months ago,21ff1cdb,astro/security.md
1674573836,3 months ago,0782bf39,astro/cli/astro-context-delete.md
1674573836,3 months ago,0782bf39,astro/cli/astro-deploy.md
1674573836,3 months ago,0782bf39,astro/cli/astro-deployment-delete.md
1674573836,3 months ago,0782bf39,astro/cli/astro-deployment-variable-create.md
1674573836,3 months ago,0782bf39,astro/cli/astro-deployment-variable-update.md
1674573836,3 months ago,0782bf39,astro/disaster-recovery.md
1674573836,3 months ago,0782bf39,astro/secrets-management.md
1674744514,3 months ago,e4a4cf69,astro/airflow-alerts.md
1674817641,3 months ago,e739d038,astro/cli/astro-context-list.md
1675077119,3 months ago,bedb009b,software/ci-cd.md
1675342641,3 months ago,fb2fe0d7,astro/cloud-ide/document-pipeline.md
1675343405,3 months ago,3be9826f,astro/cli/astro-logout.md
1675381700,3 months ago,43c17cd8,learn/debugging-dags.md
1675441581,3 months ago,15d0eedd,software/platform-alerts.md
1675443588,3 months ago,1135847c,learn/astro-python-sdk-etl.md
1675777158,3 months ago,85407740,astro/install-azure.md
1675950212,3 months ago,3931453d,astro/cli/overview.md
1676287578,3 months ago,6171ed33,software/documentation-overview.md
1676287578,3 months ago,6171ed33,software/self-signed-certificate.md
1676322398,3 months ago,991f2e43,astro/connect-aws.md
1676479554,3 months ago,ce9b6f06,software/disaster-recovery.md
1676483426,3 months ago,0add65aa,astro/cli/astro-deployment-inspect.md
1676483426,3 months ago,0add65aa,astro/cli/astro-run.md
1676491842,3 months ago,f1b39949,software/runtime-version-lifecycle-policy.md
1676556025,3 months ago,52097b25,astro/hipaa-compliance.md
1676556025,3 months ago,52097b25,learn/airflow-components.md
1676556025,3 months ago,52097b25,learn/airflow-ui.md
1676556025,3 months ago,52097b25,learn/get-started-with-airflow.md
1676556025,3 months ago,52097b25,learn/intro-to-airflow.md
1676556025,3 months ago,52097b25,software/upgrade-to-airflow-2.md
1676630809,2 months ago,fc874bdd,software/create-project.md
1677076526,10 weeks ago,42dfb5a9,astro/airflow-api.md
1677163392,10 weeks ago,1e2ec5f0,learn/bashoperator.md
1677163392,10 weeks ago,1e2ec5f0,learn/connections.md
1677249499,10 weeks ago,4151ea09,software/integrate-auth-system.md
1677261930,10 weeks ago,73a8b792,software/install-airgapped.md
1677506209,9 weeks ago,1de6c899,astro/api-keys.md
1677508365,9 weeks ago,963128f2,learn/overview.md
1677515086,9 weeks ago,33704ee4,astro/cloud-ide/security.md
1677577787,9 weeks ago,ad3db89b,astro/cloud-ide/configure-project-environment.md
1677577960,9 weeks ago,eb1d6c14,astro/cloud-ide/quickstart.md
1677577960,9 weeks ago,eb1d6c14,astro/cloud-ide/run-cells.md
1677577960,9 weeks ago,eb1d6c14,astro/cloud-ide/run-python.md
1677584405,9 weeks ago,c1885db5,learn/airflow-decorators.md
1677584405,9 weeks ago,c1885db5,learn/dags.md
1677584405,9 weeks ago,c1885db5,learn/managing-dependencies.md
1677584405,9 weeks ago,c1885db5,learn/what-is-a-hook.md
1677590775,9 weeks ago,825fdb18,software/upgrade-astro-cli.md
1677610646,9 weeks ago,0d4143ce,software/renew-tls-cert.md
1677628065,9 weeks ago,bff31e8a,learn/airflow-passing-data-between-tasks.md
1677628065,9 weeks ago,bff31e8a,learn/cross-dag-dependencies.md
1677628065,9 weeks ago,bff31e8a,learn/custom-airflow-ui-docs-tutorial.md
1677628065,9 weeks ago,bff31e8a,learn/dag-best-practices.md
1677628065,9 weeks ago,bff31e8a,learn/task-groups.md
1677628714,9 weeks ago,ef5e48ab,learn/airflow-datasets.md
1677628714,9 weeks ago,ef5e48ab,learn/airflow-pools.md
1677628714,9 weeks ago,ef5e48ab,learn/deferrable-operators.md
1677628714,9 weeks ago,ef5e48ab,learn/logging.md
1677628714,9 weeks ago,ef5e48ab,learn/using-airflow-plugins.md
1677677224,9 weeks ago,8bd26ace,software/airflow-api.md
1677778458,9 weeks ago,4df7476b,astro/deployment-metrics.md
1678186234,8 weeks ago,8d7294eb,learn/airflow-importing-custom-hooks-operators.md
1678270324,8 weeks ago,76ab4e57,learn/cloud-ide-tutorial.md
1678448321,8 weeks ago,249b0fea,astro/cli/astro-deployment-team.md
1678448321,8 weeks ago,249b0fea,astro/cli/astro-workspace-list.md
1678448321,8 weeks ago,249b0fea,astro/cli/astro-workspace-service-account.md
1678448321,8 weeks ago,249b0fea,astro/cli/astro-workspace-switch.md
1678448321,8 weeks ago,249b0fea,astro/cli/astro-workspace-team.md
1678454562,8 weeks ago,f748733f,astro/manage-deployments-as-code.md
1678908285,7 weeks ago,2c24761e,astro/create-deployment.md
1678959854,7 weeks ago,02ad9c6f,learn/testing-airflow.md
1679311409,6 weeks ago,6923a65b,learn/airflow-openlineage.md
1679311409,6 weeks ago,6923a65b,learn/airflow-scaling-workers.md
1679311409,6 weeks ago,6923a65b,software/access-airflow-database.md
1679311409,6 weeks ago,6923a65b,software/airflow-alerts.md
1679311409,6 weeks ago,6923a65b,software/customize-image.md
1679311409,6 weeks ago,6923a65b,software/kubepodoperator.md
1679311409,6 weeks ago,6923a65b,software/runtime-image-architecture.md
1679311409,6 weeks ago,6923a65b,software/telescope.md
1679390994,6 weeks ago,e2f3d9ab,learn/astro-python-sdk.md
1679483052,6 weeks ago,2f36ade3,astro/workspace-api-tokens.md
1679490868,6 weeks ago,82ccb557,astro/cli/configure-cli.md
1679567240,6 weeks ago,c549a210,learn/airflow-sql.md
1679946280,5 weeks ago,1f7c468d,astro/cli/astro-organization-list.md
1679946280,5 weeks ago,1f7c468d,astro/cli/astro-organization-switch.md
1679946280,5 weeks ago,1f7c468d,astro/cli/astro-organization-user-list.md
1679946280,5 weeks ago,1f7c468d,astro/cli/astro-organization-user-update.md
1679946280,5 weeks ago,1f7c468d,astro/cli/astro-workspace-user-list.md
1679946280,5 weeks ago,1f7c468d,astro/cli/astro-workspace-user-remove.md
1679992647,5 weeks ago,ba8f858b,astro/cli/astro-login.md
1680021949,5 weeks ago,63d8217c,learn/get-started-with-airflow-part-2.md
1680096104,5 weeks ago,eb85ee11,astro/data-protection.md
1680096869,5 weeks ago,57e973a5,astro/cli/astro-deployment-create.md
1680099263,5 weeks ago,c3919deb,astro/astro-support.md
1680290951,5 weeks ago,0acd1a5d,astro/cli/astro-organization-user-invite.md
1680291050,5 weeks ago,85e7082b,astro/set-up-data-lineage.md
1680619365,4 weeks ago,1ea9e386,astro/ci-cd-templates/template-overview.md
1680625451,4 weeks ago,367a4ec2,astro/configure-deployment-resources.md
1680625451,4 weeks ago,367a4ec2,astro/set-up-ci-cd.md
1680642391,4 weeks ago,24789549,learn/airflow-azure-container-instances.md
1680642391,4 weeks ago,24789549,learn/airflow-azure-data-explorer.md
1680642391,4 weeks ago,24789549,learn/airflow-azure-data-factory-integration.md
1680642391,4 weeks ago,24789549,learn/airflow-databricks.md
1680642391,4 weeks ago,24789549,learn/airflow-fivetran.md
1680642391,4 weeks ago,24789549,learn/airflow-great-expectations.md
1680642391,4 weeks ago,24789549,learn/airflow-kafka.md
1680642391,4 weeks ago,24789549,learn/airflow-redshift.md
1680642391,4 weeks ago,24789549,learn/airflow-sagemaker.md
1680642391,4 weeks ago,24789549,learn/airflow-talend-integration.md
1680642391,4 weeks ago,24789549,learn/execute-notebooks.md
1680642391,4 weeks ago,24789549,learn/marquez.md
1680642391,4 weeks ago,24789549,learn/soda-data-quality.md
1680643554,4 weeks ago,a5a77c05,software/manage-airflow-versions.md
1680643554,4 weeks ago,a5a77c05,software/migrate-to-runtime.md
1680643554,4 weeks ago,a5a77c05,software/task-usage-metrics.md
1680714220,4 weeks ago,84033d7e,learn/airflow-database.md
1680818387,4 weeks ago,9cf5c23d,learn/airflow-quickstart.md
1680882681,4 weeks ago,65741658,astro/ci-cd.md
1680882681,4 weeks ago,65741658,astro/create-first-dag.md
1680882681,4 weeks ago,65741658,astro/overview.md
1680897838,3 weeks ago,750f7609,learn/kubepod-operator.md
1681201906,3 weeks ago,4b92045e,astro/log-in-to-astro.md
1681202777,3 weeks ago,23d9b014,learn/dynamically-generating-dags.md
1681211826,3 weeks ago,8f9f55e6,learn/dynamic-tasks.md
1681217995,3 weeks ago,408ddb4a,astro/cli/astro-deployment-update.md
1681306181,3 weeks ago,78de972d,astro/platform-variables.md
1681307626,3 weeks ago,82b07593,astro/configure-worker-queues.md
1681307815,3 weeks ago,01b8b0ee,astro/data-lineage.md
1681323222,3 weeks ago,d4050aef,astro/pipeline-alerts.md
1681377402,3 weeks ago,cb3aee38,astro/audit-logs.md
1681379596,3 weeks ago,2077dc50,astro/runtime-image-architecture.md
1681383871,3 weeks ago,6914794f,astro/install-aws.md
1681460759,3 weeks ago,58650f0a,learn/airflow-branch-operator.md
1681460759,3 weeks ago,58650f0a,learn/airflow-snowflake.md
1681460759,3 weeks ago,58650f0a,learn/airflow-sql-data-quality.md
1681460759,3 weeks ago,58650f0a,learn/data-quality.md
1681460759,3 weeks ago,58650f0a,learn/what-is-an-operator.md
1681723686,2 weeks ago,7e97e17e,astro/data-lineage-concepts.md
1681724892,2 weeks ago,79c76ed0,astro/manage-workspaces.md
1681753438,2 weeks ago,5766b5e2,astro/cli/astro-workspace-user-add.md
1681753438,2 weeks ago,5766b5e2,astro/cli/astro-workspace-user-update.md
1681815234,2 weeks ago,fcd99977,astro/environment-variables.md
1681815234,2 weeks ago,fcd99977,astro/executors.md
1681815234,2 weeks ago,fcd99977,software/kubernetes-executor.md
1681818547,2 weeks ago,a3bf3e72,learn/what-is-a-sensor.md
1681835190,2 weeks ago,699d0f75,astro/manage-domains.md
1681903587,13 days ago,93adf6bd,astro/cli/install-cli.md
1681917003,13 days ago,29ebf15c,astro/cli/astro-workspace-create.md
1681917003,13 days ago,29ebf15c,astro/cli/astro-workspace-delete.md
1681917003,13 days ago,29ebf15c,astro/cli/astro-workspace-update.md
1681994745,12 days ago,264a1f2a,astro/create-cluster.md
1682064863,11 days ago,5dc500e7,learn/custom-xcom-backends-tutorial.md
1682067241,11 days ago,018d7989,astro/cli/release-notes.md
1682067948,11 days ago,461c6c3a,astro/add-user.md
1682081390,11 days ago,322c077a,astro/ci-cd-templates/aws-s3.md
1682081390,11 days ago,322c077a,astro/ci-cd-templates/gcs.md
1682081390,11 days ago,322c077a,learn/airflow-mongodb.md
1682360032,8 days ago,6dbdbf1c,learn/external-python-operator.md
1682424273,7 days ago,29b7f52e,astro/cloud-ide/run-sql.md
1682424299,7 days ago,bf00bad2,astro/ci-cd-templates/aws-codebuild.md
1682424299,7 days ago,bf00bad2,astro/ci-cd-templates/azure-devops.md
1682424299,7 days ago,bf00bad2,astro/ci-cd-templates/bitbucket.md
1682424299,7 days ago,bf00bad2,astro/ci-cd-templates/circleci.md
1682424299,7 days ago,bf00bad2,astro/ci-cd-templates/drone.md
1682424299,7 days ago,bf00bad2,astro/ci-cd-templates/github-actions.md
1682424299,7 days ago,bf00bad2,astro/ci-cd-templates/gitlab.md
1682424299,7 days ago,bf00bad2,astro/ci-cd-templates/jenkins.md
1682424299,7 days ago,bf00bad2,astro/cli/astro-dev-init.md
1682424299,7 days ago,bf00bad2,astro/cli/authenticate-to-clouds.md
1682424299,7 days ago,bf00bad2,astro/cloud-ide/deploy-project.md
1682424299,7 days ago,bf00bad2,astro/deploy-code.md
1682424299,7 days ago,bf00bad2,astro/develop-project.md
1682424299,7 days ago,bf00bad2,astro/kubernetespodoperator.md
1682424299,7 days ago,bf00bad2,astro/secrets-backend.md
1682424299,7 days ago,bf00bad2,astro/test-and-troubleshoot-locally.md
1682424299,7 days ago,bf00bad2,astro/trial.md
1682424299,7 days ago,bf00bad2,astro/upgrade-runtime.md
1682425270,7 days ago,34251602,software/deploy-nfs.md
1682426452,7 days ago,1c25cb2e,learn/airflow-dbt-cloud.md
1682426452,7 days ago,1c25cb2e,learn/airflow-dbt.md
1682429093,7 days ago,27f316fd,astro/configure-idp.md
1682530477,6 days ago,8bb6c4e1,astro/release-notes.md
1682530477,6 days ago,8bb6c4e1,astro/view-logs.md
1682530966,6 days ago,5660c201,astro/user-permissions.md
1682587166,5 days ago,7ac323eb,astro/install-gcp.md
1682686810,4 days ago,4cea1dc1,astro/modify-cluster.md
1682686810,4 days ago,4cea1dc1,astro/resource-reference-aws-hybrid.md
1682686810,4 days ago,4cea1dc1,astro/resource-reference-azure-hybrid.md
1682686810,4 days ago,4cea1dc1,astro/resource-reference-gcp-hybrid.md
1682702236,4 days ago,937b03f0,software/apply-platform-config.md
1682702236,4 days ago,937b03f0,software/cluster-resource-provisioning.md
1682702236,4 days ago,937b03f0,software/configure-deployment.md
1682702236,4 days ago,937b03f0,software/deployment-logs.md
1682702236,4 days ago,937b03f0,software/documentation-archive.md
1682702236,4 days ago,937b03f0,software/export-task-logs.md
1682702236,4 days ago,937b03f0,software/faq.md
1682702236,4 days ago,937b03f0,software/houston-api.md
1682702236,4 days ago,937b03f0,software/import-idp-groups.md
1682702236,4 days ago,937b03f0,software/install-aws-standard.md
1682702236,4 days ago,937b03f0,software/install-azure-standard.md
1682702236,4 days ago,937b03f0,software/install-gcp-standard.md
1682702236,4 days ago,937b03f0,software/manage-platform-users.md
1682702236,4 days ago,937b03f0,software/release-lifecycle-policy.md
1682702236,4 days ago,937b03f0,software/role-permission-reference.md
1682702236,4 days ago,937b03f0,software/upgrade-astronomer.md
1682702236,4 days ago,937b03f0,software/version-compatibility-reference.md
1682716490,3 days ago,bccfa8c0,software/release-notes.md
1682862900,2 days ago,26be0bca,learn/error-notifications-in-airflow.md
1682862900,2 days ago,26be0bca,learn/rerunning-dags.md
1682863006,2 days ago,964203ad,learn/scheduling-in-airflow.md
1682948678,18 hours ago,03b5d92b,astro/runtime-release-notes.md
1682948678,18 hours ago,03b5d92b,astro/runtime-version-lifecycle-policy.md
